[
  {
    "Constant" : [

    ],
    "submodules" : [

    ],
    "Function" : [

    ],
    "Variable" : [

    ],
    "stripped_doc" : [

    ],
    "Deprecated" : [

    ],
    "type" : "Module",
    "desc" : "Display UTC time in the menu bar",
    "Constructor" : [

    ],
    "doc" : "Display UTC time in the menu bar\n\nDownload: [https:\/\/github.com\/gavinest\/ZeroOffset\/blob\/main\/Spoons\/ZeroOffset.spoon.zip](https:\/\/github.com\/gavinest\/ZeroOffset\/blob\/main\/Spoons\/ZeroOffset.spoon.zip)",
    "Method" : [
      {
        "doc" : "Initial setup for ZeroOffset\n\nParameters:\n * None\n\nReturns:\n * The ZeroOffset object",
        "stripped_doc" : [
          "Initial setup for ZeroOffset",
          ""
        ],
        "name" : "init",
        "def" : "ZeroOffset:init()",
        "notes" : [

        ],
        "signature" : "ZeroOffset:init()",
        "type" : "Method",
        "returns" : [
          " * The ZeroOffset object"
        ],
        "desc" : "Initial setup for ZeroOffset",
        "parameters" : [
          " * None",
          ""
        ]
      },
      {
        "doc" : "Starts ZeroOffset\n\nParameters:\n * None\n\nReturns:\n * The ZeroOffset object",
        "stripped_doc" : [
          "Starts ZeroOffset",
          ""
        ],
        "name" : "start",
        "def" : "ZeroOffset:start()",
        "notes" : [

        ],
        "signature" : "ZeroOffset:start()",
        "type" : "Method",
        "returns" : [
          " * The ZeroOffset object"
        ],
        "desc" : "Starts ZeroOffset",
        "parameters" : [
          " * None",
          ""
        ]
      },
      {
        "doc" : "Stops ZeroOffset\n\nParameters:\n * None\n\nReturns:\n * The ZeroOffset object",
        "stripped_doc" : [
          "Stops ZeroOffset",
          ""
        ],
        "name" : "stop",
        "def" : "ZeroOffset:stop()",
        "notes" : [

        ],
        "signature" : "ZeroOffset:stop()",
        "type" : "Method",
        "returns" : [
          " * The ZeroOffset object"
        ],
        "desc" : "Stops ZeroOffset",
        "parameters" : [
          " * None",
          ""
        ]
      },
      {
        "doc" : "Binds hotkeys for ZeroOffset\n\nParameters:\n * mapping - A table containing hotkey objifier\/key details for the following items:\n  * toggle - This will toggle the display of the UTC time in menubar\n\nReturns:\n * The ZeroOffset object",
        "stripped_doc" : [
          "Binds hotkeys for ZeroOffset",
          ""
        ],
        "name" : "bindHotkeys",
        "def" : "ZeroOffset:bindHotkeys(mapping)",
        "notes" : [

        ],
        "signature" : "ZeroOffset:bindHotkeys(mapping)",
        "type" : "Method",
        "returns" : [
          " * The ZeroOffset object"
        ],
        "desc" : "Binds hotkeys for ZeroOffset",
        "parameters" : [
          " * mapping - A table containing hotkey objifier\/key details for the following items:",
          "  * toggle - This will toggle the display of the UTC time in menubar",
          ""
        ]
      }
    ],
    "Command" : [

    ],
    "Field" : [

    ],
    "items" : [
      {
        "doc" : "Binds hotkeys for ZeroOffset\n\nParameters:\n * mapping - A table containing hotkey objifier\/key details for the following items:\n  * toggle - This will toggle the display of the UTC time in menubar\n\nReturns:\n * The ZeroOffset object",
        "stripped_doc" : [
          "Binds hotkeys for ZeroOffset",
          ""
        ],
        "name" : "bindHotkeys",
        "def" : "ZeroOffset:bindHotkeys(mapping)",
        "notes" : [

        ],
        "signature" : "ZeroOffset:bindHotkeys(mapping)",
        "type" : "Method",
        "returns" : [
          " * The ZeroOffset object"
        ],
        "desc" : "Binds hotkeys for ZeroOffset",
        "parameters" : [
          " * mapping - A table containing hotkey objifier\/key details for the following items:",
          "  * toggle - This will toggle the display of the UTC time in menubar",
          ""
        ]
      },
      {
        "doc" : "Initial setup for ZeroOffset\n\nParameters:\n * None\n\nReturns:\n * The ZeroOffset object",
        "stripped_doc" : [
          "Initial setup for ZeroOffset",
          ""
        ],
        "name" : "init",
        "def" : "ZeroOffset:init()",
        "notes" : [

        ],
        "signature" : "ZeroOffset:init()",
        "type" : "Method",
        "returns" : [
          " * The ZeroOffset object"
        ],
        "desc" : "Initial setup for ZeroOffset",
        "parameters" : [
          " * None",
          ""
        ]
      },
      {
        "doc" : "Starts ZeroOffset\n\nParameters:\n * None\n\nReturns:\n * The ZeroOffset object",
        "stripped_doc" : [
          "Starts ZeroOffset",
          ""
        ],
        "name" : "start",
        "def" : "ZeroOffset:start()",
        "notes" : [

        ],
        "signature" : "ZeroOffset:start()",
        "type" : "Method",
        "returns" : [
          " * The ZeroOffset object"
        ],
        "desc" : "Starts ZeroOffset",
        "parameters" : [
          " * None",
          ""
        ]
      },
      {
        "doc" : "Stops ZeroOffset\n\nParameters:\n * None\n\nReturns:\n * The ZeroOffset object",
        "stripped_doc" : [
          "Stops ZeroOffset",
          ""
        ],
        "name" : "stop",
        "def" : "ZeroOffset:stop()",
        "notes" : [

        ],
        "signature" : "ZeroOffset:stop()",
        "type" : "Method",
        "returns" : [
          " * The ZeroOffset object"
        ],
        "desc" : "Stops ZeroOffset",
        "parameters" : [
          " * None",
          ""
        ]
      }
    ],
    "name" : "ZeroOffset"
  }
]
